tempHigh,tempLow,tempAvg,windspeedHigh,windspeedLow,windspeedAvg,windgustHigh,windgustLow,windgustAvg,dewptHigh,dewptLow,dewptAvg,windchillHigh,windchillLow,windchillAvg,heatindexHigh,heatindexLow,heatindexAvg,pressureMax,pressureMin,pressureTrend,precipRate,precipTotal,date
60,37,47,16,0,5,18,0,5,34,9,20,60,34,46,60,37,47,30.25,30.15,0.0,0.0,0.0,2024-01-01
53,30,42,12,0,2,14,0,2,36,28,32,53,30,41,53,30,42,30.31,30.18,0.0,0.0,0.0,2024-01-02
59,30,45,16,0,4,18,0,4,36,20,30,59,28,45,59,30,45,30.28,30.04,-0.01,0.0,0.0,2024-01-03
43,29,36,16,0,3,16,0,3,34,26,30,43,26,35,43,29,36,30.17,30.01,0.01,0.06,0.07,2024-01-04
46,26,35,12,0,2,13,0,2,33,21,26,46,24,34,46,26,35,30.18,30.12,0.0,0.0,0.0,2024-01-05
51,22,36,11,0,2,12,0,2,29,16,23,51,21,35,51,22,36,30.22,30.1,0.0,0.0,0.0,2024-01-06
50,27,38,21,0,8,23,0,9,32,-4,15,47,18,33,50,27,38,30.1,29.82,-0.01,0.0,0.0,2024-01-07
35,18,27,14,0,4,16,0,4,17,8,12,35,13,24,35,18,27,30.25,29.93,0.01,0.06,0.01,2024-01-08
48,16,32,8,0,2,9,0,2,22,3,13,48,12,31,48,16,32,30.26,30.09,-0.01,0.06,0.02,2024-01-09
56,30,44,16,0,4,19,0,5,24,9,17,56,27,43,56,30,44,30.1,30.0,0.0,0.0,0.0,2024-01-10
46,23,37,20,0,8,23,0,9,37,12,22,42,21,33,46,23,37,30.17,29.91,0.01,0.06,0.01,2024-01-11
50,20,34,11,0,2,11,0,2,21,-6,10,50,16,33,50,20,34,30.23,30.16,0.0,0.0,0.0,2024-01-12
60,28,42,13,0,2,15,0,2,17,5,12,60,24,42,60,28,42,30.19,30.12,0.0,0.0,0.0,2024-01-13
61,32,48,13,0,3,17,0,3,31,10,20,61,32,48,61,32,48,30.15,30.08,0.0,0.0,0.0,2024-01-14
60,29,43,16,0,3,16,0,3,27,17,22,60,26,43,60,29,43,30.21,30.13,0.0,0.0,0.0,2024-01-15
62,30,45,10,0,2,11,0,2,27,10,20,62,27,45,62,30,45,30.22,30.17,0.0,0.0,0.0,2024-01-16
66,33,49,16,0,3,17,0,3,22,12,18,66,32,49,66,33,49,30.22,30.11,0.0,0.0,0.0,2024-01-17
68,36,51,12,0,2,12,0,2,28,15,22,68,34,51,68,36,51,30.28,30.2,0.0,0.0,0.0,2024-01-18
69,36,52,12,0,3,12,0,3,29,20,25,69,36,52,69,36,52,30.28,30.18,0.0,0.0,0.0,2024-01-19
65,41,54,20,0,4,21,0,5,39,14,22,65,40,54,65,41,54,30.19,30.07,-0.01,0.0,0.0,2024-01-20
52,42,46,19,0,5,21,0,5,45,34,41,52,38,44,52,42,46,30.11,30.03,0.0,0.42,0.84,2024-01-21
52,39,45,20,0,5,21,0,5,44,38,41,52,34,43,52,39,45,30.1,30.02,0.0,0.3,0.22,2024-01-22
47,37,41,12,0,3,13,0,4,43,35,39,47,29,40,47,37,41,30.1,29.98,0.0,0.42,0.42,2024-01-23
50,36,42,10,0,2,11,0,2,42,35,38,50,35,42,50,36,42,30.23,30.09,0.01,0.06,0.03,2024-01-24
57,33,44,12,0,2,16,0,3,42,32,37,57,33,44,57,33,44,30.23,30.15,0.0,0.0,0.0,2024-01-25
53,35,44,13,0,4,15,0,4,41,28,36,53,35,43,53,35,44,30.35,30.18,0.01,0.0,0.0,2024-01-26
58,33,46,21,0,6,26,0,7,35,27,30,58,30,45,58,33,46,30.37,30.3,0.0,0.0,0.0,2024-01-27
65,37,49,17,0,5,18,0,5,31,26,28,65,36,49,65,37,49,30.35,30.3,0.0,0.0,0.0,2024-01-28
71,42,54,15,0,3,16,0,3,31,23,29,71,41,54,70,42,54,30.37,30.27,0.0,0.0,0.0,2024-01-29
68,41,55,17,0,3,20,0,4,35,22,29,68,41,55,68,41,55,30.3,30.23,0.0,0.0,0.0,2024-01-30
68,39,51,12,0,3,13,0,3,42,32,37,68,39,51,68,39,51,30.29,30.19,-0.01,0.0,0.0,2024-01-31
66,42,50,32,2,12,37,2,13,43,23,35,66,35,47,66,42,50,30.01,29.94,0.0,0.12,0.2,2024-02-06
47,35,39,20,0,7,21,0,7,42,30,35,45,26,35,47,35,39,30.13,29.96,0.01,0.24,0.33,2024-02-07
49,29,40,20,0,7,23,0,8,38,27,32,48,23,35,49,29,40,30.16,30.05,0.0,0.06,0.02,2024-02-08
52,32,39,13,0,3,15,0,3,40,23,34,52,27,38,52,32,39,30.16,30.03,-0.01,0.0,0.0,2024-02-09
39,31,34,13,0,3,14,0,3,33,28,31,38,25,32,39,31,34,30.1,29.95,0.0,0.12,0.2,2024-02-10
45,26,34,12,0,2,13,0,3,32,24,28,45,22,33,45,26,34,30.23,30.1,0.01,0.12,0.15,2024-02-11
57,27,41,15,0,4,17,0,4,31,11,24,57,27,40,57,27,41,30.23,30.14,0.0,0.0,0.0,2024-02-12
62,30,37,13,0,2,14,0,2,25,12,18,62,29,36,62,30,37,30.18,30.1,0.0,0.0,0.0,2024-02-13
62,30,44,8,0,3,9,0,3,29,15,23,62,29,44,62,30,44,30.3,30.16,0.0,0.0,0.0,2024-02-14
65,31,47,10,0,3,11,0,3,26,14,21,65,30,47,65,31,47,30.3,30.19,0.0,0.0,0.0,2024-02-15
62,33,48,13,0,4,16,0,4,31,19,25,62,33,47,62,33,48,30.25,30.18,0.0,0.0,0.0,2024-02-16
66,33,52,11,0,3,12,0,3,35,20,28,66,30,52,66,33,52,30.22,30.15,0.0,0.0,0.0,2024-02-17
67,35,50,15,0,3,16,0,3,32,19,28,67,35,50,67,35,50,30.24,30.16,0.0,0.0,0.0,2024-02-18
69,38,53,15,0,4,17,0,5,30,10,20,69,37,53,69,38,53,30.33,30.2,0.0,0.0,0.0,2024-02-19
73,36,57,16,0,5,19,0,6,22,0,13,73,36,56,70,36,56,30.34,30.28,0.0,0.0,0.0,2024-02-20
61,38,53,23,0,7,30,0,8,37,10,27,61,37,53,61,38,53,30.25,30.14,0.01,0.0,0.0,2024-02-21
59,34,47,12,0,3,14,0,3,43,33,36,59,34,47,59,34,47,30.28,30.2,0.0,0.0,0.0,2024-02-22
66,36,50,16,0,3,17,0,3,38,25,31,66,35,49,66,36,50,30.26,30.17,0.0,0.0,0.0,2024-02-23
73,37,55,14,0,3,16,0,3,32,19,27,73,35,55,71,37,54,30.29,30.2,0.0,0.0,0.0,2024-02-24
77,45,62,17,0,4,19,0,4,35,24,30,77,45,62,75,45,61,30.31,30.23,0.0,0.0,0.0,2024-02-25
71,53,62,19,0,7,20,0,7,43,22,31,71,53,62,70,53,62,30.28,30.1,-0.01,0.06,0.01,2024-02-26
61,46,55,19,0,7,21,0,8,42,27,35,61,45,55,61,46,55,30.18,30.06,0.0,0.06,0.01,2024-02-27
60,37,46,18,0,3,20,0,4,46,34,40,60,35,45,60,37,46,30.19,30.09,0.0,0.3,0.36,2024-02-28
60,34,46,12,0,3,16,0,3,44,31,37,60,33,46,60,34,46,30.28,30.17,0.0,0.0,0.0,2024-02-29
67,35,51,11,0,3,12,0,3,41,20,31,67,35,51,67,35,51,30.3,30.22,0.0,0.0,0.0,2024-03-01
66,40,54,19,0,7,20,0,7,29,11,21,66,39,54,66,40,54,30.24,30.14,0.0,0.0,0.0,2024-03-02
64,43,53,18,0,6,19,0,7,39,9,24,64,39,53,64,43,53,30.16,30.08,0.0,0.0,0.0,2024-03-03
62,36,49,16,0,3,17,0,3,41,26,34,62,34,49,62,36,49,30.18,30.09,0.0,0.0,0.0,2024-03-04
67,33,50,15,0,3,15,0,3,35,20,27,67,30,50,67,33,50,30.17,30.1,0.0,0.0,0.0,2024-03-05
59,42,52,15,0,4,16,0,5,32,14,23,59,42,52,59,42,52,30.13,30.0,-0.01,0.0,0.0,2024-03-06
52,33,42,20,0,5,21,0,6,40,17,32,52,29,40,52,33,42,30.1,29.96,0.0,0.24,0.4,2024-03-07
51,36,41,12,0,3,14,0,3,42,34,37,51,33,40,51,36,41,30.22,30.07,0.0,0.18,0.14,2024-03-08
59,32,45,14,0,3,16,0,3,39,23,32,59,31,45,59,32,45,30.25,30.16,0.0,0.0,0.0,2024-03-09
64,35,49,20,0,4,21,0,4,33,20,26,64,34,49,64,35,49,30.25,30.17,0.0,0.0,0.0,2024-03-10
68,36,52,14,0,3,16,0,3,29,15,24,68,35,52,68,36,52,30.22,30.16,0.0,0.0,0.0,2024-03-11
67,37,53,15,0,4,17,0,4,28,17,23,67,34,53,67,37,53,30.23,30.13,0.0,0.0,0.0,2024-03-12
65,40,53,24,0,4,30,0,5,35,19,31,65,38,53,65,40,53,30.14,30.01,-0.01,0.0,0.0,2024-03-13
62,38,51,18,0,5,20,0,6,37,27,31,62,34,51,62,38,51,30.02,29.9,0.0,0.0,0.0,2024-03-14
53,38,46,23,0,8,30,0,9,45,31,38,53,36,43,53,38,46,30.1,29.92,0.01,0.24,0.11,2024-03-15
56,30,43,13,0,2,16,0,2,37,27,31,56,30,42,56,30,43,30.14,30.05,0.0,0.0,0.0,2024-03-16
57,31,43,11,0,3,13,0,3,36,26,30,57,31,43,57,31,43,30.15,30.07,0.0,0.0,0.0,2024-03-17
64,33,48,20,0,4,22,0,5,36,21,29,64,29,48,64,33,48,30.2,30.1,0.0,0.0,0.0,2024-03-18
63,35,49,16,0,3,18,0,4,38,21,29,63,35,49,63,35,49,30.2,30.13,0.0,0.0,0.0,2024-03-19
64,39,50,12,0,3,14,0,3,35,26,31,64,39,50,64,39,50,30.2,30.12,0.0,0.0,0.0,2024-03-20
64,39,52,16,0,3,17,0,4,35,29,32,64,39,52,64,39,52,30.27,30.16,0.0,0.0,0.0,2024-03-21
71,41,55,13,0,2,14,0,2,34,22,30,71,41,55,70,41,55,30.28,30.16,0.0,0.0,0.0,2024-03-22
65,46,57,22,0,6,26,0,7,34,18,27,65,46,57,65,46,57,30.16,29.88,-0.01,0.0,0.0,2024-03-23
51,33,44,24,0,8,29,0,9,41,21,31,51,28,40,51,33,44,29.92,29.8,0.0,0.18,0.14,2024-03-24
51,33,40,9,0,3,10,0,3,36,27,32,51,29,39,51,33,40,30.07,29.86,0.01,0.06,0.13,2024-03-25
55,34,44,15,0,6,16,0,7,36,25,30,55,30,41,55,34,44,30.19,30.02,0.01,0.12,0.12,2024-03-26
61,31,45,9,0,2,10,0,2,39,23,31,61,31,45,61,31,45,30.31,30.19,0.0,0.06,0.04,2024-03-27
73,37,56,16,0,3,17,0,3,35,20,28,73,37,56,71,37,56,30.25,30.11,-0.01,0.0,0.0,2024-03-28
71,49,60,20,0,7,22,0,7,33,16,23,71,49,60,70,49,60,30.13,30.06,0.0,0.0,0.0,2024-03-29
69,46,58,32,0,10,33,0,11,34,12,24,69,46,58,69,46,58,30.1,29.94,-0.01,0.0,0.0,2024-03-30
57,40,48,28,0,9,31,0,10,45,30,37,57,36,47,57,40,48,30.01,29.94,0.0,0.36,0.37,2024-03-31
47,37,41,17,0,4,19,0,4,42,35,38,46,30,39,47,37,41,30.17,29.94,0.01,0.3,0.19,2024-04-01
58,34,46,12,0,3,13,0,3,41,30,38,58,32,46,58,34,46,30.37,30.17,0.01,0.18,0.09,2024-04-02
67,38,53,14,0,3,16,0,3,42,26,35,67,38,53,67,38,53,30.35,30.18,-0.01,0.0,0.0,2024-04-03
74,41,59,17,0,5,19,0,6,37,18,28,74,41,59,72,41,59,30.19,30.04,0.0,0.0,0.0,2024-04-04
65,42,55,35,0,10,41,0,12,38,17,27,65,36,54,65,42,55,30.1,29.97,0.0,0.0,0.0,2024-04-05
53,32,42,16,0,4,17,0,5,34,7,21,53,29,40,53,32,42,30.26,30.09,0.01,0.0,0.0,2024-04-06
65,25,46,13,0,3,15,0,3,25,12,18,65,24,46,65,25,46,30.22,30.06,-0.01,0.0,0.0,2024-04-07
60,36,49,18,0,5,19,0,5,28,13,20,60,35,49,60,36,49,30.06,29.97,0.0,0.0,0.0,2024-04-08
62,41,51,18,0,5,20,0,5,28,21,25,62,37,51,62,41,51,30.23,30.0,0.01,0.0,0.0,2024-04-09
70,40,56,16,0,3,17,0,4,25,14,20,70,40,56,70,40,56,30.26,30.19,0.0,0.0,0.0,2024-04-10
80,41,61,17,0,3,19,0,4,28,14,22,80,39,61,78,41,60,30.2,30.09,0.0,0.0,0.0,2024-04-11
75,49,63,30,0,7,31,0,8,31,14,22,75,49,63,72,49,63,30.24,30.11,0.0,0.0,0.0,2024-04-12
74,40,59,18,0,6,20,0,6,34,5,23,74,39,59,72,40,59,30.25,30.19,0.0,0.0,0.0,2024-04-13
75,45,60,18,0,6,20,0,6,30,6,20,75,42,60,73,45,59,30.24,30.13,0.0,0.0,0.0,2024-04-14
65,37,52,17,0,4,19,0,4,28,13,22,65,37,52,65,37,52,30.18,30.08,0.0,0.0,0.0,2024-04-15
73,35,55,15,0,3,16,0,3,28,17,22,73,32,55,71,35,55,30.21,30.12,0.0,0.0,0.0,2024-04-16
79,42,61,12,0,3,13,0,3,30,17,24,79,42,61,77,42,61,30.22,30.16,0.0,0.0,0.0,2024-04-17
81,45,64,29,0,3,32,0,3,30,17,23,81,45,64,79,45,64,30.22,30.15,0.0,0.0,0.0,2024-04-18
82,46,65,19,0,3,19,0,4,32,14,22,82,46,65,80,46,64,30.18,30.08,0.0,0.0,0.0,2024-04-19
79,43,64,13,0,3,16,0,3,26,11,20,79,43,64,77,43,63,30.24,30.13,0.0,0.0,0.0,2024-04-20
82,48,66,19,0,3,20,0,3,33,19,25,82,48,66,80,48,65,30.25,30.15,0.0,0.0,0.0,2024-04-21
82,46,68,20,0,5,23,0,5,32,21,26,82,46,68,80,46,67,30.19,30.09,0.0,0.0,0.0,2024-04-22
79,46,64,18,0,5,19,0,5,35,24,29,79,46,64,77,46,64,30.22,30.14,0.0,0.0,0.0,2024-04-23
77,51,64,18,0,5,20,0,6,40,18,28,77,51,64,75,51,63,30.23,30.15,0.0,0.0,0.0,2024-04-24
69,42,58,22,0,5,29,0,6,35,18,27,69,42,58,69,42,58,30.16,30.08,0.0,0.0,0.0,2024-04-25
70,38,57,22,0,6,30,0,7,36,20,30,70,36,57,70,38,57,30.11,29.95,0.0,0.0,0.0,2024-04-26
65,39,53,16,0,4,17,0,5,39,22,30,65,37,52,65,39,53,30.15,29.98,0.01,0.0,0.0,2024-04-27
70,40,56,13,0,3,16,0,3,34,19,27,70,40,56,70,40,56,30.17,30.12,0.0,0.0,0.0,2024-04-28
79,43,63,16,0,3,17,0,4,29,21,24,79,41,63,77,43,62,30.17,30.07,0.0,0.0,0.0,2024-04-29
80,46,65,12,0,4,14,0,4,31,20,24,80,46,65,79,46,64,30.14,30.06,0.0,0.0,0.0,2024-04-30
76,47,64,16,0,5,16,0,5,35,16,28,76,47,64,74,47,63,30.1,30.01,0.0,0.0,0.0,2024-05-01
78,44,63,10,0,4,11,0,4,34,20,26,78,44,63,76,44,62,30.12,30.05,0.0,0.0,0.0,2024-05-02
78,43,64,14,0,5,16,0,5,39,14,26,78,43,64,76,43,63,30.1,30.04,0.0,0.0,0.0,2024-05-03
79,44,66,14,0,3,16,0,4,32,16,21,79,44,66,77,44,65,30.11,30.05,0.0,0.0,0.0,2024-05-04
78,51,65,22,0,8,27,0,8,34,13,26,78,51,65,76,51,65,30.1,30.02,0.0,0.0,0.0,2024-05-05
73,43,59,17,0,4,20,0,4,35,16,26,73,42,59,70,43,59,30.15,30.04,0.0,0.0,0.0,2024-05-06
78,42,62,17,0,4,18,0,4,25,13,19,78,42,62,76,42,61,30.14,30.03,0.0,0.0,0.0,2024-05-07
78,49,65,18,0,4,20,0,5,27,15,22,78,48,65,76,49,64,30.06,29.99,0.0,0.0,0.0,2024-05-08
76,45,63,16,0,4,18,0,4,36,10,26,76,44,63,74,45,62,30.17,30.04,0.0,0.0,0.0,2024-05-09
80,43,64,16,0,4,18,0,4,26,13,19,80,42,64,78,43,63,30.16,30.08,0.0,0.0,0.0,2024-05-10
77,45,64,16,0,4,19,0,4,24,14,20,77,44,64,75,45,63,30.12,30.05,0.0,0.0,0.0,2024-05-11
77,46,63,17,0,3,19,0,3,29,20,24,77,46,63,75,46,62,30.15,30.08,0.0,0.0,0.0,2024-05-12
81,50,67,14,0,3,16,0,3,32,22,27,81,49,67,79,50,66,30.19,30.1,0.0,0.0,0.0,2024-05-13
83,48,68,16,0,3,18,0,4,31,18,26,83,48,68,80,48,67,30.15,30.04,0.0,0.0,0.0,2024-05-14
79,50,66,17,0,4,19,0,4,40,21,32,79,50,66,78,50,65,30.12,30.02,0.0,0.0,0.0,2024-05-15
76,49,66,20,0,4,21,0,5,35,28,31,76,49,66,74,49,65,30.15,30.07,0.0,0.0,0.0,2024-05-16
83,51,69,15,0,4,18,0,4,35,25,31,83,51,69,80,51,68,30.19,30.11,0.0,0.0,0.0,2024-05-17
86,55,73,16,0,3,18,0,4,35,23,29,86,55,73,83,55,71,30.22,30.15,0.0,0.0,0.0,2024-05-18
84,56,72,16,0,4,17,0,4,31,17,24,84,56,72,81,56,70,30.23,30.15,0.0,0.0,0.0,2024-05-19
82,50,68,18,0,4,20,0,4,36,16,26,82,50,68,80,50,67,30.2,30.14,0.0,0.0,0.0,2024-05-20
82,51,69,16,0,4,18,0,5,36,10,26,82,51,69,80,51,68,30.15,30.09,0.0,0.0,0.0,2024-05-21
81,47,67,16,0,4,19,0,5,32,-7,14,81,47,67,79,47,66,30.16,30.11,0.0,0.0,0.0,2024-05-22
82,52,69,18,0,6,20,0,6,21,-2,10,82,52,69,80,52,68,30.15,30.09,0.0,0.0,0.0,2024-05-23
85,45,69,17,0,4,18,0,4,32,9,19,85,45,69,81,45,68,30.14,30.08,0.0,0.0,0.0,2024-05-24
80,51,67,22,0,5,31,0,5,30,18,26,80,51,67,79,51,66,30.17,28.7,0.0,0.0,0.0,2024-05-25
85,45,68,17,0,3,19,0,3,33,15,25,85,44,68,82,45,67,30.23,30.15,0.0,0.0,0.0,2024-05-26
87,52,72,13,0,3,14,0,3,31,12,21,87,52,72,83,52,70,30.26,30.19,0.0,0.0,0.0,2024-05-27
90,53,74,16,0,4,19,0,4,32,4,20,90,53,74,85,53,72,30.26,30.2,0.0,0.0,0.0,2024-05-28
86,54,73,17,0,4,18,0,4,27,0,17,86,54,73,82,54,71,30.26,30.18,0.0,0.0,0.0,2024-05-29
88,52,73,15,0,3,16,0,3,28,13,21,88,52,73,83,52,71,30.22,30.14,0.0,0.0,0.0,2024-05-30
90,53,75,16,0,3,17,0,3,32,8,20,90,53,75,85,53,72,30.18,30.1,0.0,0.0,0.0,2024-05-31
89,56,74,16,0,4,19,0,4,30,8,19,89,56,74,84,56,72,30.18,30.11,0.0,0.0,0.0,2024-06-01
87,51,72,15,0,4,17,0,4,34,4,19,87,51,72,83,51,71,30.17,30.11,0.0,0.0,0.0,2024-06-02
87,48,73,16,0,4,18,0,4,35,8,25,87,48,73,82,48,71,30.17,30.09,0.0,0.0,0.0,2024-06-03
88,59,74,13,0,3,15,0,4,34,15,26,88,59,74,84,59,72,30.19,30.1,0.0,0.0,0.0,2024-06-04
92,58,78,14,0,3,16,0,3,40,22,29,92,58,78,87,58,76,30.21,30.15,0.0,0.0,0.0,2024-06-05
94,61,81,14,0,3,17,0,3,42,31,37,94,61,81,90,61,79,30.21,30.13,0.0,0.0,0.0,2024-06-06
94,64,80,16,0,3,17,0,4,43,19,32,94,64,80,89,64,77,30.22,30.14,0.0,0.0,0.0,2024-06-07
91,59,77,17,0,4,20,0,5,35,20,26,91,59,77,86,59,75,30.23,30.16,0.0,0.0,0.0,2024-06-08
88,62,76,15,0,4,16,0,5,38,19,28,88,62,76,83,62,74,30.27,30.18,0.0,0.0,0.0,2024-06-09
90,55,75,13,0,3,15,0,3,37,16,27,90,55,75,85,55,73,30.23,30.14,0.0,0.0,0.0,2024-06-10
94,59,80,16,0,3,16,0,3,36,21,28,94,59,80,89,59,77,30.23,30.15,0.0,0.0,0.0,2024-06-11
96,60,82,16,0,4,17,0,4,31,20,26,96,60,82,89,60,79,30.28,30.21,0.0,0.0,0.0,2024-06-12
92,70,83,29,0,4,32,0,4,39,24,29,92,70,83,87,68,80,30.29,30.22,0.0,0.0,0.0,2024-06-13
91,65,80,19,0,4,21,0,4,34,-1,21,91,65,80,85,65,77,30.23,30.15,0.0,0.0,0.0,2024-06-14
94,59,79,14,0,3,16,0,3,34,19,25,94,59,79,88,59,76,30.2,30.1,0.0,0.0,0.0,2024-06-15
94,64,81,14,0,3,16,0,3,39,25,31,94,64,81,89,64,78,30.14,30.02,0.0,0.0,0.0,2024-06-16
90,60,79,20,0,6,21,0,7,43,19,32,90,60,79,85,60,77,30.05,29.97,0.0,0.0,0.0,2024-06-17
88,62,77,16,0,6,18,0,6,46,20,31,88,62,77,84,62,75,30.11,30.0,0.0,0.0,0.0,2024-06-18
93,58,78,20,0,3,21,0,4,50,25,37,93,58,78,87,58,75,30.15,30.06,0.0,0.0,0.0,2024-06-19
96,63,82,22,0,5,29,0,6,57,34,46,96,63,82,92,63,80,30.13,30.02,0.0,0.0,0.0,2024-06-20
92,66,78,18,0,6,20,0,7,65,51,58,92,66,78,90,66,77,30.27,30.09,0.01,0.6,0.52,2024-06-21
86,67,73,17,0,3,19,0,3,68,58,64,86,67,73,86,67,74,30.28,30.22,0.0,0.06,0.02,2024-06-22
88,64,74,25,0,4,31,0,4,69,57,64,88,64,74,88,64,75,30.28,30.19,0.0,1.92,0.74,2024-06-23
88,68,78,12,0,3,14,0,3,68,55,62,88,68,78,87,68,78,30.28,30.17,0.0,0.06,0.02,2024-06-24
91,68,79,12,0,3,14,0,3,67,55,61,91,68,79,90,68,79,30.28,30.19,0.0,0.0,0.0,2024-06-25
88,71,73,12,0,1,13,0,1,65,57,63,88,71,73,87,71,74,30.28,30.18,0.0,0.0,0.0,2024-06-26
91,69,79,13,0,3,15,0,3,64,54,59,91,69,79,89,69,79,30.22,30.11,0.0,0.0,0.06,2024-06-27
90,67,75,20,0,4,21,0,5,64,53,60,90,67,75,90,67,75,30.23,30.14,0.0,0.06,0.07,2024-06-28
88,68,78,14,0,3,15,0,3,63,52,58,88,68,78,86,68,78,30.26,30.16,0.0,0.0,0.0,2024-06-29
87,65,74,26,0,4,31,0,5,69,57,63,87,65,74,87,65,74,30.34,30.23,0.0,0.24,0.09,2024-06-30
88,66,77,16,0,3,17,0,3,67,54,62,88,66,77,87,66,77,30.28,30.16,0.0,0.0,0.0,2024-07-01
91,67,79,18,0,3,20,0,4,65,51,60,91,67,79,90,67,78,30.25,30.13,0.0,0.48,0.1,2024-07-02
91,66,79,14,0,3,15,0,4,64,49,58,91,66,79,88,66,78,30.3,30.2,0.0,0.0,0.01,2024-07-03
91,67,80,15,0,4,17,0,5,64,47,56,91,67,80,88,67,79,30.32,30.19,0.0,0.0,0.0,2024-07-04
98,68,82,16,0,3,18,0,3,60,30,51,98,68,82,93,68,81,30.24,30.13,0.0,0.0,0.0,2024-07-05
94,65,82,15,0,3,16,0,3,52,32,45,94,65,82,90,65,80,30.28,30.18,0.0,0.0,0.0,2024-07-06
94,69,83,17,0,5,19,0,5,64,36,51,94,69,83,90,69,81,30.27,30.16,0.0,0.0,0.0,2024-07-07
98,68,85,16,0,4,17,0,4,54,31,43,98,68,85,93,68,82,30.19,30.11,0.0,0.0,0.0,2024-07-08
94,74,77,17,0,5,19,0,5,56,39,50,94,74,77,91,73,77,30.27,30.17,0.0,0.0,0.0,2024-07-09
94,66,82,23,0,6,30,0,7,54,35,46,94,66,82,90,66,80,30.3,30.18,0.0,0.0,0.0,2024-07-10
95,66,79,20,0,4,22,0,4,64,38,51,95,66,79,91,66,78,30.34,30.18,0.0,0.24,0.21,2024-07-11
92,64,80,17,0,3,19,0,4,62,41,49,92,64,80,88,64,78,30.3,30.21,0.0,0.0,0.0,2024-07-12
94,64,81,17,0,3,18,0,3,56,35,45,94,64,81,90,64,79,30.35,30.25,0.0,0.0,0.0,2024-07-13
89,67,75,16,0,4,17,0,4,65,51,59,89,67,75,86,67,75,30.39,30.29,0.0,0.0,0.0,2024-07-14
88,65,76,23,0,4,27,0,5,61,52,57,88,65,76,86,65,76,30.35,30.2,0.0,0.0,0.0,2024-07-15
89,67,79,22,0,5,27,0,5,60,51,55,89,67,79,87,67,78,30.31,30.19,0.0,0.0,0.0,2024-07-16
92,65,80,14,0,4,16,0,4,59,46,55,92,65,80,89,65,79,30.31,30.22,0.0,0.0,0.0,2024-07-17
93,68,79,14,0,4,15,0,4,62,47,55,93,68,79,90,68,79,30.39,30.25,0.0,0.0,0.0,2024-07-18
93,71,80,14,0,3,16,0,3,65,49,55,93,71,80,90,70,79,30.35,30.24,0.0,0.0,0.0,2024-07-19
93,62,77,25,0,4,33,0,4,65,50,58,93,62,77,91,62,76,30.35,30.22,0.0,3.0,0.82,2024-07-20
89,66,75,23,0,3,26,0,4,65,53,60,89,66,75,87,66,74,30.31,30.2,0.0,0.36,0.14,2024-07-21
88,65,76,12,0,3,13,0,3,64,49,59,88,65,76,86,65,76,30.27,30.17,0.0,0.0,0.0,2024-07-22
89,69,78,14,0,3,16,0,4,64,43,55,89,69,78,87,69,77,30.34,30.25,0.0,0.0,0.0,2024-07-23
91,73,81,16,0,4,18,0,4,62,45,52,91,73,81,87,71,79,30.42,30.33,0.0,0.0,0.0,2024-07-24
94,65,78,14,0,3,16,0,3,65,50,57,94,65,78,91,65,77,30.41,30.27,0.0,1.2,0.77,2024-07-25
88,65,76,14,0,4,16,0,4,66,50,58,88,65,76,86,65,76,30.37,30.19,0.0,0.18,0.05,2024-07-26
87,65,74,21,0,3,23,0,3,67,55,63,87,65,74,86,65,74,30.31,30.17,0.0,2.58,0.19,2024-07-27
85,67,73,16,0,2,18,0,2,68,57,63,85,67,73,86,67,73,30.28,30.19,0.0,0.06,0.05,2024-07-28
85,67,76,20,0,4,23,0,4,65,54,60,85,67,76,85,67,76,30.31,30.21,0.0,0.06,0.02,2024-07-29
87,65,75,12,0,2,12,0,2,62,51,57,87,65,75,85,65,75,30.3,30.2,0.0,0.0,0.0,2024-07-30
85,65,70,20,0,2,22,0,2,68,54,62,85,65,70,85,65,70,30.34,30.22,0.0,0.48,0.26,2024-07-31
85,65,73,12,0,2,15,0,2,66,56,61,85,65,73,85,65,73,30.4,30.28,0.0,0.0,0.0,2024-08-01
91,67,78,13,0,2,16,0,2,66,50,59,91,67,78,90,67,77,30.41,30.3,0.0,0.0,0.0,2024-08-02
92,65,79,22,0,4,26,0,4,60,45,56,92,65,79,89,65,78,30.35,30.22,0.0,0.18,0.04,2024-08-03
92,66,76,25,0,3,31,0,3,71,42,57,92,66,76,89,66,75,30.29,30.22,0.0,1.02,0.5,2024-08-04
88,66,80,19,0,4,21,0,5,64,53,57,88,66,80,87,66,80,30.35,30.22,0.0,0.6,0.15,2024-08-05
87,65,73,16,0,3,17,0,4,65,51,61,87,65,73,86,65,73,30.37,30.27,0.0,2.34,0.71,2024-08-06
82,64,72,12,0,2,12,0,2,68,60,64,82,64,72,83,64,72,30.38,30.24,0.0,0.0,0.0,2024-08-07
85,62,71,25,0,2,31,0,2,67,57,64,85,62,71,87,62,72,30.29,30.19,0.0,2.76,0.73,2024-08-08
87,63,74,18,0,4,20,0,4,64,51,59,87,63,74,86,63,74,30.28,30.19,0.0,0.0,0.0,2024-08-09
86,67,76,12,0,3,13,0,3,65,53,60,86,67,76,86,67,76,30.33,30.25,0.0,0.0,0.0,2024-08-10
83,67,72,16,0,3,17,0,3,66,53,61,83,67,72,83,67,72,30.38,30.26,0.0,0.18,0.03,2024-08-11
86,64,72,16,0,3,16,0,3,65,56,61,86,64,72,86,64,72,30.33,30.21,0.0,0.06,0.01,2024-08-12
87,63,74,17,0,2,20,0,3,65,54,59,87,63,74,86,63,74,30.31,30.23,0.0,0.24,0.06,2024-08-13
87,64,75,11,0,2,12,0,2,66,55,61,87,64,75,86,64,75,30.34,30.24,0.0,0.06,0.01,2024-08-14
91,64,78,10,0,2,11,0,2,63,50,57,91,64,78,90,64,77,30.31,30.2,0.0,0.0,0.0,2024-08-15
91,65,77,16,0,3,16,0,3,65,54,60,91,65,77,90,65,77,30.31,30.22,0.0,0.06,0.02,2024-08-16
89,62,75,28,0,3,31,0,3,66,56,61,89,62,75,88,62,75,30.33,30.21,0.0,1.2,0.22,2024-08-17
88,65,76,11,0,2,12,0,2,64,54,60,88,65,76,87,65,76,30.33,30.24,0.0,0.0,0.0,2024-08-18
91,65,71,16,0,2,17,0,2,66,53,60,91,65,71,90,65,71,30.34,30.26,0.0,0.0,0.0,2024-08-19
90,66,78,12,0,3,12,0,3,63,51,58,90,66,78,88,66,77,30.35,30.26,0.0,0.0,0.0,2024-08-20
80,63,72,15,0,3,16,0,3,68,59,63,80,63,72,81,63,73,30.39,30.28,0.0,0.6,0.12,2024-08-21
85,63,73,15,0,3,16,0,3,65,54,60,85,63,73,84,63,73,30.31,30.24,0.0,0.0,0.0,2024-08-22
89,61,75,16,0,4,17,0,4,64,53,59,89,61,75,87,61,74,30.36,30.23,0.0,0.0,0.0,2024-08-23
86,62,73,15,0,4,20,0,4,63,53,56,86,62,73,84,62,73,30.36,30.28,0.0,0.24,0.06,2024-08-24
86,60,72,13,0,2,16,0,3,69,47,58,86,60,72,85,60,72,30.36,30.29,0.0,0.78,0.24,2024-08-25
85,60,74,15,0,2,16,0,3,60,50,55,85,60,74,83,60,73,30.37,30.29,0.0,0.0,0.0,2024-08-26
85,62,72,20,0,3,23,0,3,66,51,57,85,62,72,84,62,72,30.34,30.26,0.0,0.48,0.14,2024-08-27
83,62,71,12,0,2,13,0,3,62,46,56,83,62,71,81,62,71,30.34,30.24,0.0,0.12,0.03,2024-08-28
87,58,74,14,0,3,16,0,3,55,43,48,87,58,74,84,58,73,30.33,30.25,0.0,0.0,0.0,2024-08-29
90,62,74,17,0,3,19,0,3,58,40,47,90,62,74,87,62,73,30.35,30.27,0.0,0.72,0.13,2024-08-30
85,62,74,13,0,3,15,0,3,53,42,49,85,62,74,83,62,73,30.35,30.23,0.0,0.0,0.0,2024-08-31
85,60,73,17,0,4,20,0,4,56,42,50,85,60,73,82,60,72,30.3,30.22,0.0,0.0,0.0,2024-09-01
